<?xml version='1.0' encoding='UTF-8' ?>
<timeLogEntries>
  <time id="17" path="/Ti2_Gianni_Benavides/PSP0/Code" start="@1635830541765" delta="379" comment="Finalizacion del programa" flag="A" />
  <time id="15" comment="Completo la impresion de los objetos " flag="M" />
  <time id="16" comment="Finalizacion de las pruebas unitarias " flag="M" />
  <time id="14" comment="" flag="M" />
  <time id="12" comment="Diseño de los diagramas " flag="M" />
  <time id="13" comment="" flag="M" />
  <time id="7" comment="Inicializacion de variables  " flag="M" />
  <time id="8" comment="creacion de relaciones entre clases " flag="M" />
</timeLogEntries>
