<?xml version='1.0' encoding='UTF-8' ?>
<timeLogEntries>
  <time id="1" path="/prueba/PSP0/Planning" start="@1631319838614" delta="2" interrupt="1" />
  <time id="2" path="/prueba/PSP0/Planning" start="@1631457729479" delta="77" />
  <time id="3" path="/prueba/PSP0/Planning" start="@1631462663328" delta="47" />
  <time id="4" path="/Ti2_Gianni_Benavides/PSP0/Planning" start="@1634340191760" delta="92" />
  <time id="5" path="/Ti2_Gianni_Benavides/PSP0/Planning" start="@1634745029000" delta="151" />
  <time id="6" path="/Ti2_Gianni_Benavides/PSP0/Code" start="@1635218340304" delta="56" />
  <time id="7" path="/Ti2_Gianni_Benavides/PSP0/Code" start="@1635291547461" delta="294" />
  <time id="8" path="/Ti2_Gianni_Benavides/PSP0/Code" start="@1635468466000" delta="138" />
  <time id="9" path="/Ti2_Gianni_Benavides/PSP0/Design" start="@1635476781803" delta="125" />
  <time id="10" path="/Ti2_Gianni_Benavides/PSP0/Code" start="@1635633356000" delta="150" />
  <time id="11" path="/Ti2_Gianni_Benavides/PSP0/Design" start="@1635556132000" delta="67" />
  <time id="12" path="/Ti2_Gianni_Benavides/PSP0/Design" start="@1635646597000" delta="120" />
  <time id="13" path="/Ti2_Gianni_Benavides/PSP0/Code" start="@1635696744598" delta="473" />
  <time id="14" path="/Ti2_Gianni_Benavides/PSP0/Code" start="@1635782208000" delta="21" />
  <time id="15" path="/Ti2_Gianni_Benavides/PSP0/Code" start="@1635807037000" delta="335" />
  <time id="16" path="/Ti2_Gianni_Benavides/PSP0/Code" start="@1635784027000" delta="252" />
</timeLogEntries>
