<?xml version='1.0' encoding='UTF-8' ?>
<timeLogEntries>
  <time id="1" path="/TI2_SantiagoTrochez/PSP0/Planning" start="@1634340106743" delta="94" />
  <time id="2" path="/TI2_SantiagoTrochez/PSP0/Planning" start="@1634355637039" delta="55" />
  <time id="3" path="/TI2_SantiagoTrochez/PSP0/Planning" start="@1634745019386" delta="134" />
  <time id="4" path="/TI2_SantiagoTrochez/PSP0/Planning" start="@1635017576236" delta="238" comment="Continuación del método del a ingenieria" />
  <time id="5" path="/TI2_SantiagoTrochez/PSP0/Design" start="@1635031905789" delta="35" />
  <time id="6" path="/TI2_SantiagoTrochez/PSP0/Design" start="@1635045813516" delta="80" comment="Interfaz gráfica estructurada. Falta por agregar los anchor pane con ventanas respectivas" />
  <time id="7" path="/TI2_SantiagoTrochez/PSP0/Design" start="@1635117369620" delta="61" />
  <time id="8" path="/TI2_SantiagoTrochez/PSP0/Design" start="@1635122349193" delta="10" />
  <time id="9" path="/TI2_SantiagoTrochez/PSP0/Design" start="@1635123319722" delta="175" />
  <time id="10" path="/TI2_SantiagoTrochez/PSP0/Planning" start="@1635217133240" delta="95" comment="Se terminó el método de la ingenieria y se adelantó una pequeña parte de código, estructuras de datos" />
  <time id="11" path="/TI2_SantiagoTrochez/PSP0/Design" start="@1635217938461" delta="63" />
  <time id="12" path="/TI2_SantiagoTrochez/PSP0/Design" start="@1635295709614" delta="80" />
  <time id="14" path="/TI2_SantiagoTrochez/PSP0/Design" start="@1635297111003" delta="49" />
  <time id="15" path="/TI2_SantiagoTrochez/PSP0/Code" start="@1635300071892" delta="152" />
  <time id="16" path="/TI2_SantiagoTrochez/PSP0/Code" start="@1635463667609" delta="32" />
  <time id="17" path="/TI2_SantiagoTrochez/PSP0/Code" start="@1635468235800" delta="5" />
  <time id="18" path="/TI2_SantiagoTrochez/PSP0/Code" start="@1635469613398" delta="231" comment="Validaciones del método de búsqueda " />
  <time id="19" path="/TI2_SantiagoTrochez/PSP0/Code" start="@1635607457555" delta="188" interrupt="28" />
  <time id="20" path="/TI2_SantiagoTrochez/PSP0/Code" start="@1635622799548" delta="75" />
  <time id="21" path="/TI2_SantiagoTrochez/PSP0/Code" start="@1635632479875" delta="155" />
  <time id="22" path="/TI2_SantiagoTrochez/PSP0/Code" start="@1635643445151" delta="199" interrupt="16" comment="Se reconoción dónde se está iterando de forma mala el método de agregar un nodo" />
  <time id="23" path="/TI2_SantiagoTrochez/PSP0/Code" start="@1635693512894" delta="354" interrupt="31" />
  <time id="24" path="/TI2_SantiagoTrochez/PSP0/Code" start="@1635718617351" delta="202" />
  <time id="25" path="/TI2_SantiagoTrochez/PSP0/Code" start="@1635734396318" delta="3" comment="AVL sin funcionar todavía y los archivos no guardan los datos" />
  <time id="26" path="/TI2_SantiagoTrochez/PSP0/Code" start="@1635781152398" delta="90" />
  <time id="27" path="/TI2_SantiagoTrochez/PSP0/Code" start="@1635788825527" delta="104" />
  <time id="28" path="/TI2_SantiagoTrochez/PSP0/Code" start="@1635797539111" delta="23" />
  <time id="29" path="/TI2_SantiagoTrochez/PSP0/Code" start="@1635803047682" delta="67" />
</timeLogEntries>
