<?xml version='1.0' encoding='UTF-8' ?>
<timeLogEntries>
  <time id="1" path="/T2_Ossa Arias_Luis Miguel/PSP0/Planning" start="@1634340173535" delta="94" />
  <time id="2" path="/T2_Ossa Arias_Luis Miguel/PSP0/Planning" start="@1634355636074" delta="97" />
  <time id="3" path="/T2_Ossa Arias_Luis Miguel/PSP0/Planning" start="@1634748133434" delta="82" />
  <time id="4" path="/T2_Ossa Arias_Luis Miguel/PSP0/Planning" start="@1635017655462" delta="236" />
  <time id="5" path="/T2_Ossa Arias_Luis Miguel/PSP0/Design" start="@1635032005168" delta="33" />
  <time id="6" path="/T2_Ossa Arias_Luis Miguel/PSP0/Design" start="@1635044782134" delta="97" />
  <time id="7" path="/T2_Ossa Arias_Luis Miguel/PSP0/Design" start="@1635117315740" delta="262" interrupt="12" />
  <time id="8" path="/T2_Ossa Arias_Luis Miguel/PSP0/Code" start="@1635218128456" delta="75" />
  <time id="10" path="/T2_Ossa Arias_Luis Miguel/PSP0/Planning" start="@1635218371910" delta="86" />
  <time id="11" path="/T2_Ossa Arias_Luis Miguel/PSP0/Code" start="@1635296095090" delta="80" />
  <time id="12" path="/T2_Ossa Arias_Luis Miguel/PSP0/Code" start="@1635296090891" delta="218" />
  <time id="13" path="/T2_Ossa Arias_Luis Miguel/PSP0/Code" start="@1635465767296" delta="23" />
  <time id="14" path="/T2_Ossa Arias_Luis Miguel/PSP0/Code" start="@1635468027780" delta="110" />
  <time id="15" path="/T2_Ossa Arias_Luis Miguel/PSP0/Code" start="@1635619628585" delta="60" />
  <time id="17" path="/T2_Ossa Arias_Luis Miguel/PSP0/Code" start="@1635622637900" delta="78" />
  <time id="18" path="/T2_Ossa Arias_Luis Miguel/PSP0/Code" start="@1635698733065" delta="212" interrupt="1" />
  <time id="19" path="/T2_Ossa Arias_Luis Miguel/PSP0/Code" start="@1635719452003" delta="20" />
  <time id="20" path="/T2_Ossa Arias_Luis Miguel/PSP0/Code" start="@1635730393706" delta="40" />
  <time id="21" path="/T2_Ossa Arias_Luis Miguel/PSP0/Code" start="@1635787428448" delta="80" />
  <time id="23" path="/T2_Ossa Arias_Luis Miguel/PSP0/Code" start="@1635787440965" delta="28" />
</timeLogEntries>
